{
	"partitions" : [
		{
			"name" : "Top",
			"pins" : [
				{
					"name" : "led[0]",
					"strict" : false
				},
				{
					"name" : "led[1]",
					"strict" : false
				},
				{
					"name" : "sw30[2]",
					"strict" : false
				},
				{
					"name" : "sw30[0]",
					"strict" : false
				},
				{
					"name" : "sw30[1]",
					"strict" : false
				},
				{
					"name" : "sw30[3]",
					"strict" : false
				},
				{
					"name" : "clk",
					"strict" : false
				},
				{
					"name" : "key",
					"strict" : false
				}
			]
		}
	]
}