{
	"partitions" : [
		{
			"name" : "Top",
			"pins" : [
				{
					"name" : "q[0]",
					"strict" : false
				},
				{
					"name" : "q[1]",
					"strict" : false
				},
				{
					"name" : "q[2]",
					"strict" : false
				},
				{
					"name" : "q[3]",
					"strict" : false
				},
				{
					"name" : "sclr",
					"strict" : false
				},
				{
					"name" : "din[0]",
					"strict" : false
				},
				{
					"name" : "load",
					"strict" : false
				},
				{
					"name" : "clk",
					"strict" : false
				},
				{
					"name" : "asset",
					"strict" : false
				},
				{
					"name" : "ena",
					"strict" : false
				},
				{
					"name" : "din[1]",
					"strict" : false
				},
				{
					"name" : "dir",
					"strict" : false
				},
				{
					"name" : "din[2]",
					"strict" : false
				},
				{
					"name" : "din[3]",
					"strict" : false
				}
			]
		}
	]
}